,name,cords
0,ola energy tunis,"[36.84673346664173, 10.30704912116349]"
1,ola energy sfax,"[34.759022038080275, 10.762671557794558]"
